mode,nRows,nCols,nChannels,nCentroids,nIterations,time,timePerCycle,
omp,1080,1000,3,7,23,0.172153,0.00748491,
omp,1285,1920,3,7,9,0.0707922,0.0078658,
omp,1440,1920,3,7,13,0.121983,0.00938331,
omp,1638,2048,3,7,24,0.281435,0.0117265,
omp,1333,2000,3,7,18,0.165492,0.009194,
