mode,nRows,nCols,nChannels,nCentroids,nIterations,time,timePerCycle,
omp,1080,1000,3,4,5,0.0348468,0.00696936,
omp,1285,1920,3,4,14,0.152867,0.0109191,
omp,1440,1920,3,4,12,0.13961,0.0116342,
omp,1638,2048,3,4,17,0.213937,0.0125845,
omp,2250,4256,3,4,16,0.32477,0.0202981,
