mode,nRows,nCols,nChannels,nCentroids,nIterations,time,timePerCycle,
tbb,1080,1000,3,4,15,0.0519459,0.00346306,
tbb,1285,1920,3,4,17,0.0976951,0.00574677,
tbb,1440,1920,3,4,14,0.11412,0.00815143,
tbb,1638,2048,3,4,15,0.121318,0.00808787,
tbb,1333,2000,3,4,11,0.0730541,0.00664128,
