mode,nRows,nCols,nChannels,nCentroids,nIterations,time,timePerCycle,
seq,1080,1000,3,7,5,0.168699,0.0337398,
seq,1285,1920,3,7,15,1.31355,0.08757,
seq,1440,1920,3,7,22,2.23643,0.101656,
seq,1638,2048,3,7,7,0.835317,0.119331,
seq,1333,2000,3,7,24,2.4217,0.100904,
