mode,nRows,nCols,nChannels,nCentroids,nIterations,time,timePerCycle,
seq,1080,1000,3,4,19,0.470526,0.0247645,
seq,1285,1920,3,4,8,0.44719,0.0558988,
seq,1440,1920,3,4,10,0.614593,0.0614593,
seq,1638,2048,3,4,18,1.51518,0.0841766,
seq,1333,2000,3,4,10,0.602244,0.0602244,
