mode,nRows,nCols,nChannels,nCentroids,nIterations,time,timePerCycle,
tbb,1080,1000,3,7,8,0.052284,0.0065355,
tbb,1285,1920,3,7,14,0.130128,0.00929487,
tbb,1440,1920,3,7,15,0.144332,0.00962213,
tbb,1638,2048,3,7,23,0.315191,0.013704,
tbb,2250,4256,3,7,23,0.738873,0.0321249,
